{
  "Delete Users" : {
    "transaction" : "Delete Users",
    "sampleCount" : 30,
    "errorCount" : 0,
    "errorPct" : 0.0,
    "meanResTime" : 182.26666666666668,
    "medianResTime" : 181.5,
    "minResTime" : 172.0,
    "maxResTime" : 204.0,
    "pct1ResTime" : 190.60000000000002,
    "pct2ResTime" : 203.45,
    "pct3ResTime" : 204.0,
    "throughput" : 0.5153753650575502,
    "receivedKBytesPerSec" : 0.10619550979213194,
    "sentKBytesPerSec" : 0.10384679393574987
  },
  "Post users" : {
    "transaction" : "Post users",
    "sampleCount" : 30,
    "errorCount" : 0,
    "errorPct" : 0.0,
    "meanResTime" : 182.5666666666667,
    "medianResTime" : 182.5,
    "minResTime" : 172.0,
    "maxResTime" : 203.0,
    "pct1ResTime" : 192.0,
    "pct2ResTime" : 196.95,
    "pct3ResTime" : 203.0,
    "throughput" : 0.5154373485902788,
    "receivedKBytesPerSec" : 0.20285278465027576,
    "sentKBytesPerSec" : 0.13489961857636204
  },
  "Total" : {
    "transaction" : "Total",
    "sampleCount" : 150,
    "errorCount" : 0,
    "errorPct" : 0.0,
    "meanResTime" : 259.6999999999999,
    "medianResTime" : 187.0,
    "minResTime" : 172.0,
    "maxResTime" : 525.0,
    "pct1ResTime" : 374.0,
    "pct2ResTime" : 383.9,
    "pct3ResTime" : 525.0,
    "throughput" : 2.5301509656742853,
    "receivedKBytesPerSec" : 1.330305937420933,
    "sentKBytesPerSec" : 0.5483640992662563
  },
  "Get User by ID" : {
    "transaction" : "Get User by ID",
    "sampleCount" : 30,
    "errorCount" : 0,
    "errorPct" : 0.0,
    "meanResTime" : 372.2000000000001,
    "medianResTime" : 368.0,
    "minResTime" : 336.0,
    "maxResTime" : 525.0,
    "pct1ResTime" : 400.1,
    "pct2ResTime" : 461.19999999999993,
    "pct3ResTime" : 525.0,
    "throughput" : 0.5137250201208966,
    "receivedKBytesPerSec" : 0.23227996515231947,
    "sentKBytesPerSec" : 0.09247719274962755
  },
  "Put Users" : {
    "transaction" : "Put Users",
    "sampleCount" : 30,
    "errorCount" : 0,
    "errorPct" : 0.0,
    "meanResTime" : 182.56666666666666,
    "medianResTime" : 182.5,
    "minResTime" : 172.0,
    "maxResTime" : 204.0,
    "pct1ResTime" : 188.9,
    "pct2ResTime" : 197.39999999999998,
    "pct3ResTime" : 204.0,
    "throughput" : 0.5154993470341604,
    "receivedKBytesPerSec" : 0.20287718442848307,
    "sentKBytesPerSec" : 0.13541926206268473
  },
  "Get Users" : {
    "transaction" : "Get Users",
    "sampleCount" : 30,
    "errorCount" : 0,
    "errorPct" : 0.0,
    "meanResTime" : 378.90000000000003,
    "medianResTime" : 366.5,
    "minResTime" : 349.0,
    "maxResTime" : 525.0,
    "pct1ResTime" : 473.2000000000002,
    "pct2ResTime" : 517.85,
    "pct3ResTime" : 525.0,
    "throughput" : 0.5138042063437693,
    "receivedKBytesPerSec" : 0.6081354473521957,
    "sentKBytesPerSec" : 0.09132066948688086
  }
}