{
  "Delete User" : {
    "transaction" : "Delete User",
    "sampleCount" : 30,
    "errorCount" : 0,
    "errorPct" : 0.0,
    "meanResTime" : 180.23333333333332,
    "medianResTime" : 180.0,
    "minResTime" : 171.0,
    "maxResTime" : 196.0,
    "pct1ResTime" : 188.0,
    "pct2ResTime" : 192.7,
    "pct3ResTime" : 196.0,
    "throughput" : 0.5170007065676323,
    "receivedKBytesPerSec" : 0.10653041902907268,
    "sentKBytesPerSec" : 0.12076813379978285
  },
  "Total" : {
    "transaction" : "Total",
    "sampleCount" : 90,
    "errorCount" : 0,
    "errorPct" : 0.0,
    "meanResTime" : 270.35555555555555,
    "medianResTime" : 183.5,
    "minResTime" : 169.0,
    "maxResTime" : 2598.0,
    "pct1ResTime" : 372.9,
    "pct2ResTime" : 392.95000000000005,
    "pct3ResTime" : 2598.0,
    "throughput" : 1.531993123053092,
    "receivedKBytesPerSec" : 0.6510970772975642,
    "sentKBytesPerSec" : 0.3911768898837387
  },
  "Get User by ID" : {
    "transaction" : "Get User by ID",
    "sampleCount" : 30,
    "errorCount" : 0,
    "errorPct" : 0.0,
    "meanResTime" : 179.93333333333337,
    "medianResTime" : 179.0,
    "minResTime" : 169.0,
    "maxResTime" : 196.0,
    "pct1ResTime" : 189.0,
    "pct2ResTime" : 192.7,
    "pct3ResTime" : 196.0,
    "throughput" : 0.5170452586949779,
    "receivedKBytesPerSec" : 0.156830329444004,
    "sentKBytesPerSec" : 0.13794605925338665
  },
  "Get Users" : {
    "transaction" : "Get Users",
    "sampleCount" : 30,
    "errorCount" : 0,
    "errorPct" : 0.0,
    "meanResTime" : 450.9,
    "medianResTime" : 368.0,
    "minResTime" : 343.0,
    "maxResTime" : 2598.0,
    "pct1ResTime" : 511.5000000000003,
    "pct2ResTime" : 1459.4999999999986,
    "pct3ResTime" : 2598.0,
    "throughput" : 0.5139802631578947,
    "receivedKBytesPerSec" : 0.39351613898026316,
    "sentKBytesPerSec" : 0.1365260074013158
  }
}